Filename,precision,recall,f1score,roc_auc
./experiment/ft_ni_results10.csv,0.5060012634238787,0.8405036726128017,0.6317034700315457,0.5738673310623956
./experiment/ft_ni_results15.csv,0.9134897360703812,0.6537250786988458,0.7620795107033639,0.8720292154926884
./experiment/ft_ni_results20.csv,0.9139784946236559,0.6243441762854145,0.7418952618453865,0.8719847616290792
./experiment/ft_ni_results25.csv,0.8876712328767123,0.6799580272822665,0.7700534759358288,0.876981169136613
