Filename,precision,recall,f1score
./results/ptresults/results25.csv,0.9285714285714286,0.05485232067510549,0.10358565737051793
./results/ptresults/results50.csv,0.8571428571428571,0.0759493670886076,0.13953488372093026
./results/ptresults/resultscropped50.csv,1.0,0.05555555555555555,0.10526315789473684
